TaxiID,lpep_pickup_datetime,lpep_dropoff_datetime,passenger_count,trip_distance,total_amount
17083,2018-01-01 00:18:50,2018-01-01 00:24:39,5,0.7,7.3
6826,2018-01-01 00:30:26,2018-01-01 00:46:42,5,3.5,15.8
2779,2018-01-01 00:07:25,2018-01-01 00:19:45,1,2.14,11.3
13185,2018-01-01 00:32:40,2018-01-01 00:33:41,1,0.03,-4.3
14702,2018-01-01 00:32:40,2018-01-01 00:33:41,1,0.03,4.3
12940,2018-01-01 00:38:35,2018-01-01 01:08:50,1,5.63,22.3
15740,2018-01-01 00:18:41,2018-01-01 00:28:22,5,1.71,9.8
13730,2018-01-01 00:38:02,2018-01-01 00:55:02,5,3.45,18.96
3172,2018-01-01 00:05:02,2018-01-01 00:18:35,1,1.61,11.3
2044,2018-01-01 00:35:23,2018-01-01 00:42:07,1,1.87,8.8
10689,2018-01-01 00:21:00,2018-01-01 00:39:04,2,4.12,17.8
7339,2018-01-01 00:56:29,2018-01-01 01:04:44,2,1.22,8.3
353,2018-01-01 00:11:48,2018-01-01 00:30:13,1,4.67,18.3
649,2018-01-01 00:57:59,2018-01-01 01:12:26,1,2.71,16.64
1567,2018-01-01 00:36:58,2018-01-01 00:51:08,2,6.01,24.3
12235,2018-01-01 00:07:40,2018-01-01 00:15:20,1,1.9,12.3
18467,2018-01-01 00:25:09,2018-01-01 00:42:04,2,4.3,20.15
2272,2018-01-01 00:42:52,2018-01-01 01:00:53,1,6.9,23.3
11051,2018-01-01 00:06:22,2018-01-01 00:08:17,1,0.3,4.8
11051,2018-01-01 00:06:22,2018-01-01 00:08:17,1,0.3,4.8
15833,2018-01-01 00:34:53,2018-01-01 00:52:55,1,4.47,23.31
11255,2018-01-01 00:25:08,2018-01-01 00:28:27,1,0.5,5.8
3928,2018-01-01 00:36:26,2018-01-01 00:51:07,1,1.82,10.3
1781,2018-01-01 00:53:05,2018-01-01 01:26:51,1,11.79,46.71
13073,2018-01-01 00:11:41,2018-01-01 00:22:10,1,1.9,13.35
10067,2018-01-01 00:40:32,2018-01-01 01:01:20,1,10.3,35.3
18264,2018-01-01 00:15:30,2018-01-01 00:25:17,1,1.66,11.76
13094,2018-01-01 00:35:44,2018-01-01 00:48:23,1,2.91,16.62
4521,2018-01-01 00:55:56,2018-01-01 01:28:05,1,6.09,32.88
3677,2018-01-01 00:41:36,2018-01-01 00:56:36,5,5.3,21.96
17435,2018-01-01 00:36:47,2018-01-01 00:44:55,1,1.63,11.16
8088,2018-01-01 00:48:38,2018-01-01 00:51:21,1,0.91,5.8
4243,2018-01-01 00:56:18,2018-01-01 01:00:25,2,0.92,6.3
10530,2018-01-01 00:27:41,2018-01-01 00:34:23,1,0.98,7.3
6010,2018-01-01 00:41:38,2018-01-01 00:52:21,1,1.42,10.3
18025,2018-01-01 00:48:44,2018-01-01 00:53:32,1,0.42,6.3
9008,2018-01-01 00:46:14,2018-01-01 01:02:07,1,3.15,17.16
12171,2018-01-01 01:03:50,2018-01-01 01:09:36,1,0.85,6.8
567,2018-01-01 00:30:52,2018-01-01 00:38:43,5,1.28,10.56
3545,2018-01-01 00:39:21,2018-01-01 00:48:02,5,1.58,11.16
3263,2018-01-01 00:59:08,2018-01-01 01:25:30,5,4.43,19.8
13287,2018-01-01 00:07:47,2018-01-01 00:19:59,1,4.8,20.15
8462,2018-01-01 00:27:35,2018-01-01 00:34:55,1,1.59,11.16
14414,2018-01-01 00:46:21,2018-01-01 01:08:36,1,4.8,25.38
17910,2018-01-01 00:44:53,2018-01-01 00:50:17,1,0.51,5.8
15980,2018-01-01 00:50:23,2018-01-01 01:18:08,1,0.54,17.3
7611,2018-01-01 00:33:34,2018-01-01 00:40:00,1,1.64,8.3
10789,2018-01-01 00:47:29,2018-01-01 00:56:32,1,1.31,9.3
17877,2018-01-01 00:21:14,2018-01-01 00:33:15,1,3.32,13.8
6424,2018-01-01 00:36:46,2018-01-01 00:40:53,1,0.82,6.3
2488,2018-01-01 00:06:43,2018-01-01 00:20:45,1,4.2,0
3820,2018-01-01 00:35:36,2018-01-01 01:04:21,4,4.8,0
16623,2018-01-01 00:37:51,2018-01-01 00:51:36,1,6.47,21.3
6016,2018-01-01 00:26:40,2018-01-01 01:03:38,1,7.27,34.84
5272,2018-01-01 00:13:46,2018-01-01 00:13:49,1,0.02,3.8
16263,2018-01-01 00:40:08,2018-01-01 00:52:07,1,2.41,14.76
337,2018-01-01 00:56:40,2018-01-01 01:07:41,6,1.68,10.3
13059,2018-01-01 00:24:28,2018-01-01 00:40:27,2,2.6,18.8
3152,2018-01-01 00:22:51,2018-01-01 00:29:22,1,0.97,8.76
138,2018-01-01 00:43:11,2018-01-01 00:46:43,1,0.86,6.3
9383,2018-01-01 00:59:20,2018-01-01 01:15:39,1,3.77,19
15150,2018-01-01 00:42:58,2018-01-01 00:48:46,1,1.04,7.3
7807,2018-01-01 00:26:52,2018-01-01 00:32:14,1,0.88,6.8
6598,2018-01-01 00:36:44,2018-01-01 00:42:01,1,0.97,7.3
19169,2018-01-01 00:50:58,2018-01-01 00:59:07,1,1.3,8.8
18333,2018-01-01 00:04:29,2018-01-01 00:23:48,1,3.4,16.3
7154,2018-01-01 00:26:55,2018-01-01 00:37:56,1,2.2,11.3
3689,2018-01-01 00:27:07,2018-01-01 00:41:47,1,3.34,18.5
14141,2018-01-01 00:54:36,2018-01-01 01:42:54,1,10.58,45
11893,2018-01-01 00:44:35,2018-01-01 00:46:37,1,0.42,4.8
2218,2018-01-01 00:51:16,2018-01-01 00:58:18,1,1.34,9.96
11176,2018-01-01 00:12:10,2018-01-01 00:14:57,1,0.51,6.89
13099,2018-01-01 00:50:21,2018-01-01 00:56:13,1,0.88,7.3
12886,2018-01-01 00:57:51,2018-01-01 01:00:38,1,0.6,5.8
7285,2018-01-01 00:14:56,2018-01-01 00:16:07,1,0.1,4.3
14040,2018-01-01 00:19:45,2018-01-01 00:23:21,1,0.7,6.95
6449,2018-01-01 00:30:21,2018-01-01 00:36:48,1,1,7.3
14699,2018-01-01 00:42:32,2018-01-01 00:46:37,1,0.8,6.3
3466,2018-01-01 00:57:27,2018-01-01 01:07:13,1,1.5,9.8
18635,2018-01-01 00:12:30,2018-01-01 00:17:05,1,0.25,5.8
19895,2018-01-01 00:26:33,2018-01-01 00:30:06,1,0.77,6.3
1295,2018-01-01 00:30:52,2018-01-01 00:40:30,1,1.7,9.8
2483,2018-01-01 00:35:24,2018-01-01 00:38:56,1,0.68,8.19
4447,2018-01-01 00:40:28,2018-01-01 00:44:01,1,0.78,6.3
16826,2018-01-01 00:45:12,2018-01-01 00:54:49,1,1.97,14.04
5023,2018-01-01 00:38:25,2018-01-01 00:52:28,4,2.91,13.3
2223,2018-01-01 00:52:46,2018-01-01 01:01:34,5,1.6,9.3
13760,2018-01-01 00:25:33,2018-01-01 00:28:47,2,0.5,5.3
16900,2018-01-01 00:38:50,2018-01-01 00:44:16,1,1.3,9.36
7185,2018-01-01 00:47:19,2018-01-01 00:55:39,4,3.8,13.8
14894,2018-01-01 00:59:58,2018-01-01 01:17:09,1,4.28,20.76
16375,2018-01-01 00:11:39,2018-01-01 00:23:23,1,1.98,11.3
14638,2018-01-01 00:28:16,2018-01-01 00:46:44,1,5.27,24.36
18479,2018-01-01 01:02:36,2018-01-01 01:26:46,1,4.55,19.8
7049,2018-01-01 00:11:55,2018-01-01 00:21:07,1,1.1,10.56
15781,2018-01-01 00:30:37,2018-01-01 00:44:38,1,2.85,13.8
30,2018-01-01 00:52:53,2018-01-01 01:06:53,1,3.68,20.31
17234,2018-01-01 00:33:20,2018-01-01 00:52:41,1,5.35,20.3
13054,2018-01-01 00:16:56,2018-01-01 00:39:02,1,6.32,29.75
12662,2018-01-01 00:59:41,2018-01-01 01:07:30,1,2.31,10.8
7251,2018-01-01 00:29:43,2018-01-01 00:30:59,1,0.51,4.8
14260,2018-01-01 00:37:34,2018-01-01 00:50:44,1,2.55,15.96
1211,2018-01-01 00:54:53,2018-01-01 01:08:24,1,3.16,13.8
17830,2018-01-01 00:57:30,2018-01-01 01:13:04,2,5.86,20.3
10326,2018-01-01 00:35:06,2018-01-01 00:59:27,1,3.6,19.3
19789,2018-01-01 00:48:43,2018-01-01 00:58:03,2,1.96,10.3
1164,2018-01-01 00:41:40,2018-01-01 00:54:32,1,2.08,11.8
9048,2018-01-01 01:00:19,2018-01-01 01:03:10,1,0.58,5.3
9430,2018-01-01 00:53:11,2018-01-01 00:59:25,1,1,7.3
6410,2018-01-01 00:05:12,2018-01-01 00:11:43,1,1.15,7.8
4253,2018-01-01 00:31:13,2018-01-01 00:51:24,1,5.07,20.3
4449,2018-01-01 00:26:19,2018-01-01 00:36:02,1,2.45,11.8
19637,2018-01-01 01:01:04,2018-01-01 01:41:26,1,18.54,64.39
11231,2018-01-01 00:27:32,2018-01-01 00:40:21,1,2.51,12.8
9757,2018-01-01 00:59:26,2018-01-01 01:15:09,1,8.01,24.8
6645,2018-01-01 00:46:55,2018-01-01 00:53:04,1,0.92,8.76
150,2018-01-01 00:12:49,2018-01-01 00:49:06,1,9.2,33.3
2830,2018-01-01 00:27:52,2018-01-01 00:31:58,1,1.08,7.8
18155,2018-01-01 00:36:54,2018-01-01 00:41:32,1,1.3,9.49
18950,2018-01-01 00:31:57,2018-01-01 00:47:01,2,2,12.3
18159,2018-01-01 00:47:37,2018-01-01 00:53:14,6,1.3,9.12
12854,2018-01-01 00:19:44,2018-01-01 00:32:04,1,2.31,11.3
16729,2018-01-01 00:46:18,2018-01-01 00:55:46,1,2.35,10.8
14801,2018-01-01 00:21:54,2018-01-01 00:41:15,1,7.63,25.3
19240,2018-01-01 01:00:05,2018-01-01 01:14:51,1,4.42,17.3
13160,2018-01-01 00:07:21,2018-01-01 00:11:04,1,0.78,6.3
2389,2018-01-01 00:28:43,2018-01-01 00:30:28,1,0.33,6
15063,2018-01-01 00:40:21,2018-01-01 00:47:43,1,1.55,8.8
16177,2018-01-01 00:20:17,2018-01-01 00:48:40,2,5.3,28.3
3581,2018-01-01 00:22:40,2018-01-01 00:42:37,1,4.97,23.76
2994,2018-01-01 00:43:49,2018-01-01 00:49:37,1,1.21,10.8
6051,2018-01-01 00:52:08,2018-01-01 01:09:30,1,5.82,26
9163,2018-01-01 00:07:28,2018-01-01 00:13:25,1,1.26,7.3
19055,2018-01-01 00:51:23,2018-01-01 00:56:13,1,0.84,6.8
12946,2018-01-01 00:17:03,2018-01-01 00:22:57,1,0.46,6.8
5794,2018-01-01 00:28:00,2018-01-01 00:34:15,1,0.98,9.49
17307,2018-01-01 00:24:04,2018-01-01 00:42:52,1,5.41,25.38
1467,2018-01-01 00:34:22,2018-01-01 00:50:29,1,3.5,15.3
7916,2018-01-01 00:30:51,2018-01-01 00:43:34,1,2.06,11.8
6315,2018-01-01 00:45:33,2018-01-01 00:55:30,1,1.73,12.36
7956,2018-01-01 00:55:48,2018-01-01 01:02:08,1,1.19,9.8
8519,2018-01-01 00:18:24,2018-01-01 00:29:55,1,2.5,12.8
16950,2018-01-01 00:50:20,2018-01-01 01:05:57,1,5.01,29.47
4228,2018-01-01 00:23:45,2018-01-01 00:23:45,1,0,5.8
16725,2018-01-01 00:52:43,2018-01-01 01:22:40,1,5.6,24.8
18548,2018-01-01 00:43:48,2018-01-01 00:47:34,1,0.7,5.8
2879,2018-01-01 00:55:38,2018-01-01 01:01:29,1,1.4,8.3
11309,2018-01-01 00:10:46,2018-01-01 00:28:49,1,0.86,12.8
7760,2018-01-01 00:40:52,2018-01-01 01:24:42,1,8.11,39.96
2958,2018-01-01 00:18:46,2018-01-01 00:27:01,1,1.45,11.44
348,2018-01-01 00:40:06,2018-01-01 00:47:30,1,1.16,7.8
15964,2018-01-01 00:52:28,2018-01-01 01:55:25,1,14.92,52.8
13046,2018-01-01 00:58:25,2018-01-01 01:24:46,2,7.95,57
6780,2018-01-01 00:13:35,2018-01-01 00:16:15,1,0.6,6.89
7914,2018-01-01 00:13:13,2018-01-01 00:26:59,1,3.3,14.3
19430,2018-01-01 00:47:50,2018-01-01 00:52:49,1,0.72,8.16
4938,2018-01-01 00:12:06,2018-01-01 00:12:36,1,0,8.8
17970,2018-01-01 00:19:29,2018-01-01 00:32:32,1,2.38,12.3
6531,2018-01-01 00:45:57,2018-01-01 01:33:11,1,15.97,51.8
19687,2018-01-01 00:14:36,2018-01-01 00:22:19,6,1.98,13.11
6062,2018-01-01 00:57:17,2018-01-01 01:10:19,5,6.36,20.3
5020,2018-01-01 00:10:14,2018-01-01 00:14:58,1,0.92,6.3
4668,2018-01-01 00:50:05,2018-01-01 00:53:54,1,0.52,5.8
1070,2018-01-01 00:56:20,2018-01-01 01:03:06,1,1.04,8.76
6865,2018-01-01 00:26:27,2018-01-01 00:32:26,1,1.14,7.8
5770,2018-01-01 00:40:42,2018-01-01 00:56:15,1,2.76,14.3
6752,2018-01-01 00:18:07,2018-01-01 00:31:26,1,3.47,16.56
8605,2018-01-01 00:50:28,2018-01-01 00:58:16,1,1.12,8.3
14606,2018-01-01 00:13:12,2018-01-01 00:18:21,1,0.72,6.8
19433,2018-01-01 00:50:01,2018-01-01 01:10:52,1,10.1,30.8
14274,2018-01-01 00:51:32,2018-01-01 00:55:45,1,0.72,6.3
3966,2018-01-01 00:19:17,2018-01-01 00:21:18,5,0.43,4.8
14454,2018-01-01 00:22:19,2018-01-01 00:28:53,5,1.36,9.75
6354,2018-01-01 00:32:40,2018-01-01 00:37:57,5,2.1,9.3
3597,2018-01-01 00:41:06,2018-01-01 00:57:35,5,4.95,21.96
13619,2018-01-01 00:46:47,2018-01-01 00:56:32,1,1.33,9.3
7556,2018-01-01 00:05:58,2018-01-01 00:19:34,1,2.44,12.8
14944,2018-01-01 00:35:12,2018-01-01 00:50:19,1,2.6,17.25
16103,2018-01-01 00:19:09,2018-01-01 00:32:58,1,2.13,14.16
14818,2018-01-01 00:46:46,2018-01-01 00:47:46,1,0.11,4.3
646,2018-01-01 00:49:30,2018-01-01 01:20:27,1,12.87,39.3
15693,2018-01-01 00:04:17,2018-01-01 00:07:56,5,0.77,6.3
1233,2018-01-01 00:25:55,2018-01-01 00:28:56,5,0.81,5.8
511,2018-01-01 00:34:08,2018-01-01 00:53:31,5,11.47,43.29
16513,2018-01-01 00:03:09,2018-01-01 00:16:14,1,2.4,12.8
14554,2018-01-01 00:32:36,2018-01-01 00:46:19,1,5.35,21.96
2192,2018-01-01 00:59:30,2018-01-01 01:06:20,1,0.86,9.36
7616,2018-01-01 00:40:39,2018-01-01 00:48:24,1,1.35,8.3
137,2018-01-01 00:07:59,2018-01-01 00:12:54,1,0.66,8.84
1273,2018-01-01 00:33:15,2018-01-01 00:44:14,1,1.65,10.3
1648,2018-01-01 00:51:02,2018-01-01 01:03:11,1,3.79,14.8
816,2018-01-01 00:11:48,2018-01-01 00:24:32,1,2.01,11.3
6200,2018-01-01 00:31:31,2018-01-01 00:38:15,1,2.37,9.8
3718,2018-01-01 00:45:21,2018-01-01 00:51:44,1,2.84,15.3
10148,2018-01-01 00:07:51,2018-01-01 00:15:23,2,1.3,10.56
3311,2018-01-01 00:19:08,2018-01-01 00:38:43,1,3.89,21
7603,2018-01-01 00:52:25,2018-01-01 00:54:02,2,0.43,4.8
1610,2018-01-01 00:59:40,2018-01-01 01:08:25,2,1.79,9.8
5787,2018-01-01 00:20:11,2018-01-01 00:29:25,5,2.93,12.8
2966,2018-01-01 00:52:45,2018-01-01 01:17:25,5,7.78,41.47
19192,2018-01-01 00:27:42,2018-01-01 00:38:41,1,2.33,14.16
9285,2018-01-01 00:55:12,2018-01-01 01:00:41,1,0.93,8.76
17070,2018-01-01 00:42:04,2018-01-01 00:43:30,1,0.33,4.88
297,2018-01-01 00:56:51,2018-01-01 01:04:16,1,1.7,9.3
16152,2018-01-01 00:08:18,2018-01-01 00:12:52,1,0.96,6.3
12139,2018-01-01 00:34:53,2018-01-01 00:39:00,1,0.83,6.3
2203,2018-01-01 00:43:20,2018-01-01 01:03:29,1,5.06,24.36
12713,2018-01-01 00:15:42,2018-01-01 00:27:31,5,4.6,16.3
849,2018-01-01 00:30:08,2018-01-01 00:36:41,5,3.14,11.8
16853,2018-01-01 00:36:35,2018-01-01 00:42:14,1,1.05,7.3
6671,2018-01-01 00:23:51,2018-01-01 00:33:46,1,1.94,12.36
446,2018-01-01 00:39:55,2018-01-01 00:50:30,1,1.74,12.36
19843,2018-01-01 00:15:54,2018-01-01 00:29:26,1,3.78,18.36
1032,2018-01-01 01:43:53,2018-01-01 02:19:09,1,22.5,62.8
2117,2018-01-01 00:32:18,2018-01-01 01:05:21,1,6.64,27.3
6663,2018-01-01 00:22:44,2018-01-01 00:35:53,1,2.8,16.6
9900,2018-01-01 00:52:23,2018-01-01 01:19:00,1,4.8,26.3
19665,2018-01-01 00:02:23,2018-01-01 00:19:41,1,3.47,15.3
6621,2018-01-01 00:16:03,2018-01-01 00:23:29,1,1.29,8.3
16786,2018-01-01 00:42:00,2018-01-01 00:45:03,1,0.43,5.3
5399,2018-01-01 00:16:47,2018-01-01 00:27:38,1,2.16,13.56
17851,2018-01-01 00:27:16,2018-01-01 00:48:45,1,4.03,23.79
17406,2018-01-01 00:52:16,2018-01-01 00:53:44,1,0.42,4.8
566,2018-01-01 00:55:37,2018-01-01 01:00:12,1,0.69,6.3
15140,2018-01-01 00:45:17,2018-01-01 01:02:09,1,7.5,29.15
5414,2018-01-01 00:24:15,2018-01-01 00:38:42,2,2.58,16.62
16161,2018-01-01 00:42:12,2018-01-01 00:48:51,2,1.14,9.36
18928,2018-01-01 00:58:07,2018-01-01 01:11:08,1,2.4,12.3
5132,2018-01-01 00:19:35,2018-01-01 00:28:50,1,3.21,12.8
4032,2018-01-01 00:38:13,2018-01-01 00:47:10,1,1.42,8.3
15597,2018-01-01 00:51:23,2018-01-01 00:58:08,1,1.18,7.8
9660,2018-01-01 00:43:41,2018-01-01 01:00:10,5,3.32,19.24
739,2018-01-01 00:34:59,2018-01-01 00:40:25,1,0.85,6.8
18476,2018-01-01 00:47:20,2018-01-01 00:52:45,1,0.51,8.19
5132,2018-01-01 00:55:04,2018-01-01 01:08:17,1,5.34,18.3
16711,2018-01-01 00:22:56,2018-01-01 00:29:03,1,1.03,7.8
1723,2018-01-01 00:32:26,2018-01-01 00:44:24,1,3.42,17.16
17065,2018-01-01 00:54:42,2018-01-01 01:01:39,1,1.19,9.96
14519,2018-01-01 00:48:11,2018-01-01 01:14:09,1,5.54,20.3
7042,2018-01-01 00:35:35,2018-01-01 00:39:40,1,0.77,7.56
9400,2018-01-01 00:41:02,2018-01-01 00:44:34,1,0.73,8.19
17247,2018-01-01 00:37:08,2018-01-01 00:50:33,1,4.54,16.3
7258,2018-01-01 00:37:00,2018-01-01 00:54:57,1,6.25,22.3
15409,2018-01-01 00:40:52,2018-01-01 00:57:55,1,5.74,24.36
19184,2018-01-01 00:16:46,2018-01-01 00:34:35,2,4.67,23.16
13152,2018-01-01 00:42:50,2018-01-01 00:43:06,1,0,3.8
16014,2018-01-01 00:44:18,2018-01-01 00:46:43,1,0.6,5.3
3809,2018-01-01 00:51:15,2018-01-01 00:53:51,1,0.55,5.3
3333,2018-01-01 00:13:55,2018-01-01 00:24:38,1,1.5,10.3
4875,2018-01-01 00:58:31,2018-01-01 01:16:03,1,3.28,15.3
7869,2018-01-01 00:00:24,2018-01-01 00:00:55,1,0.08,3.8
6018,2018-01-01 00:16:20,2018-01-01 00:18:56,1,0.52,5.3
10925,2018-01-01 00:20:51,2018-01-01 00:24:51,1,1.01,6.8
15021,2018-01-01 00:27:21,2018-01-01 00:34:05,1,1.14,9.3
19010,2018-01-01 00:43:48,2018-01-01 00:55:29,1,1.9,14.12
5942,2018-01-01 00:13:56,2018-01-01 00:21:00,1,1.2,8.8
12102,2018-01-01 00:28:56,2018-01-01 00:45:28,1,5.33,30.67
13991,2018-01-01 00:13:57,2018-01-01 00:27:01,1,3.02,16.56
4082,2018-01-01 00:52:41,2018-01-01 01:04:28,1,2.95,12.3
12448,2018-01-01 00:17:30,2018-01-01 00:24:10,1,1.71,8.8
7383,2018-01-01 00:28:48,2018-01-01 00:32:34,1,0.55,5.8
185,2018-01-01 00:43:42,2018-01-01 00:54:31,1,2.34,11.3
5398,2018-01-01 00:57:17,2018-01-01 01:06:21,1,1.86,9.8
16352,2018-01-01 00:49:35,2018-01-01 01:01:39,1,3.02,15.36
16054,2018-01-01 00:11:55,2018-01-01 00:15:25,1,0.73,5.8
16832,2018-01-01 00:18:06,2018-01-01 00:22:45,1,0.61,5.8
16591,2018-01-01 00:41:44,2018-01-01 01:07:57,1,5.07,21.8
3197,2018-01-01 00:11:45,2018-01-01 00:12:52,1,0.07,4.3
14812,2018-01-01 00:24:25,2018-01-01 00:39:06,1,4,18.3
12600,2018-01-01 00:16:36,2018-01-01 00:16:45,6,0,16
6973,2018-01-01 00:36:56,2018-01-01 01:04:06,5,6.06,28.5
10629,2018-01-01 00:14:30,2018-01-01 00:17:36,1,0.4,5.3
10703,2018-01-01 00:24:37,2018-01-01 00:28:28,2,0.9,6.3
1075,2018-01-01 00:02:11,2018-01-01 00:09:48,1,1.2,8.3
17737,2018-01-01 00:16:51,2018-01-01 00:29:01,1,2.4,12.3
18328,2018-01-01 00:35:45,2018-01-01 00:46:18,1,2,10.8
10549,2018-01-01 00:22:52,2018-01-01 00:36:31,1,3.06,13.8
4143,2018-01-01 00:05:22,2018-01-01 00:15:25,1,1.95,10.3
7750,2018-01-01 00:40:45,2018-01-01 00:52:14,1,1.78,14.31
6588,2018-01-01 00:39:27,2018-01-01 01:12:58,1,7.38,28.3
3836,2018-01-01 00:11:31,2018-01-01 00:15:29,1,0.64,5.8
14123,2018-01-01 00:24:38,2018-01-01 00:37:54,1,1.72,10.3
16252,2018-01-01 00:29:33,2018-01-01 00:34:41,1,0.9,9.49
11592,2018-01-01 00:40:10,2018-01-02 00:34:41,1,5.08,20.8
19457,2018-01-01 00:15:10,2018-01-01 00:23:54,1,1.4,10.7
16596,2018-01-01 00:38:22,2018-01-01 00:45:55,1,1.3,8.3
4678,2018-01-01 00:49:03,2018-01-01 01:09:00,1,4.1,18.3
17412,2018-01-01 00:27:19,2018-01-01 00:35:59,1,1.44,9.3
7498,2018-01-01 00:40:52,2018-01-01 00:59:19,1,3.99,17.3
9648,2018-01-01 00:31:42,2018-01-01 00:47:50,1,6.08,24.96
10546,2018-01-01 00:19:17,2018-01-01 00:47:17,1,4.94,22.3
7048,2018-01-01 00:39:07,2018-01-01 00:57:11,1,5.43,26.39
11096,2018-01-01 00:11:35,2018-01-01 00:15:58,1,0.65,6.3
4552,2018-01-01 00:26:16,2018-01-01 00:42:13,1,6.88,27.36
18921,2018-01-01 00:19:44,2018-01-01 00:37:27,2,2.28,19.24
5082,2018-01-01 00:40:17,2018-01-01 00:56:23,2,3.22,18.36
5326,2018-01-01 00:27:43,2018-01-01 00:33:56,2,1.45,8.3
9086,2018-01-01 00:11:38,2018-01-01 00:36:02,1,4.76,21.3
18085,2018-01-01 00:53:32,2018-01-01 01:05:39,3,1.88,10.8
9409,2018-01-01 00:19:48,2018-01-01 00:26:25,6,0.96,9.43
15886,2018-01-01 00:33:06,2018-01-01 00:40:07,6,1.16,8.3
7107,2018-01-01 00:51:41,2018-01-01 01:15:54,6,4.17,25.74
4373,2018-01-01 00:15:55,2018-01-01 00:16:37,1,0.6,3.8
10925,2018-01-01 00:42:42,2018-01-01 00:52:54,2,1.52,9.8
10814,2018-01-01 00:37:47,2018-01-01 00:43:50,1,0.66,6.3
2498,2018-01-01 00:06:34,2018-01-01 00:15:10,1,1.55,9.8
8420,2018-01-01 00:29:43,2018-01-01 00:47:11,1,2.73,13.8
14139,2018-01-01 00:51:07,2018-01-01 01:02:23,1,1.43,9.8
5924,2018-01-01 00:36:49,2018-01-01 01:11:06,1,9.05,33.3
13924,2018-01-01 00:39:01,2018-01-01 00:46:31,1,3.16,12.3
19402,2018-01-01 00:03:40,2018-01-01 00:06:35,2,0.5,6.89
15545,2018-01-01 00:19:36,2018-01-01 00:38:38,2,11.55,38.8
3771,2018-01-01 00:24:15,2018-01-01 00:43:34,3,5.2,20.3
13361,2018-01-01 00:45:54,2018-01-01 00:54:10,1,1.9,9.8
15722,2018-01-01 00:04:52,2018-01-01 00:28:36,1,7.43,26.3
5338,2018-01-01 00:37:46,2018-01-01 00:52:05,1,2.33,12.8
380,2018-01-01 00:54:28,2018-01-01 01:27:44,1,10.33,35.8
8768,2018-01-01 00:12:01,2018-01-01 00:25:51,1,2.52,17.29
5831,2018-01-01 00:02:18,2018-01-01 00:09:53,2,1.58,8.8
12209,2018-01-01 00:13:05,2018-01-01 00:24:55,3,2.58,14.76
11805,2018-01-01 00:31:09,2018-01-01 00:38:33,3,1.18,8.3
12858,2018-01-01 00:41:18,2018-01-01 00:45:05,3,0.94,6.3
7337,2018-01-01 00:51:41,2018-01-01 00:58:04,3,0.88,9.49
4442,2018-01-01 00:59:38,2018-01-01 01:02:25,3,0.84,7.54
7166,2018-01-01 00:36:03,2018-01-01 01:20:34,5,7.37,33.3
11272,2018-01-01 00:15:55,2018-01-01 00:31:07,1,4.02,16.3
15833,2018-01-01 00:35:53,2018-01-01 00:46:58,1,2.55,11.8
171,2018-01-01 00:03:08,2018-01-01 00:03:19,2,0.01,52.8
7666,2018-01-01 00:03:45,2018-01-01 00:08:12,2,0.8,6.3
6036,2018-01-01 00:16:53,2018-01-01 00:39:34,2,11.99,42.96
150,2018-01-01 00:46:31,2018-01-01 00:50:43,1,1.07,6.8
11519,2018-01-01 00:24:44,2018-01-01 00:37:06,1,2.66,12.8
15336,2018-01-01 00:42:00,2018-01-01 00:49:54,1,1.35,10
461,2018-01-01 00:15:54,2018-01-01 00:39:43,5,4.02,22.56
8256,2018-01-01 00:28:35,2018-01-01 01:15:37,1,7.43,35.3
36,2018-01-01 00:33:30,2018-01-01 01:03:47,1,6.76,31.56
16835,2018-01-01 00:31:51,2018-01-01 00:46:13,1,3.39,14.3
8900,2018-01-01 00:25:52,2018-01-01 00:32:59,2,1,9.35
7417,2018-01-01 00:35:12,2018-01-01 00:42:56,3,1.2,8.3
6093,2018-01-01 00:54:04,2018-01-01 00:57:51,2,0.6,7.5
409,2018-01-01 00:25:39,2018-01-01 00:32:58,1,1.34,9.3
11302,2018-01-01 00:08:28,2018-01-01 00:34:14,3,5.38,28.34
1529,2018-01-01 00:38:48,2018-01-01 00:46:56,3,1.16,8.8
575,2018-01-01 00:43:36,2018-01-01 00:56:06,1,1.94,10.8
6209,2018-01-01 00:16:02,2018-01-01 00:25:44,1,1.39,12.74
8928,2018-01-01 00:34:41,2018-01-01 00:42:46,1,1.07,9.96
7809,2018-01-01 00:23:24,2018-01-01 00:38:02,1,3,13.8
16488,2018-01-01 00:47:00,2018-01-01 00:53:57,1,1.5,8.8
11450,2018-01-01 00:56:34,2018-01-01 01:06:12,1,2.8,12.8
4162,2018-01-01 00:58:10,2018-01-01 01:03:13,2,1.14,7.3
9837,2018-01-01 00:12:29,2018-01-01 00:14:50,1,0.41,7.71
17707,2018-01-01 00:44:13,2018-01-01 01:08:54,1,5.11,20.3
968,2018-01-01 00:56:45,2018-01-01 01:14:30,1,4.2,19.58
19598,2018-01-01 00:11:07,2018-01-01 00:15:50,1,0.94,8.84
8074,2018-01-01 00:16:59,2018-01-01 00:19:46,1,0.62,5.3
18014,2018-01-01 00:18:05,2018-01-01 00:37:03,1,5.86,26.16
9988,2018-01-01 00:53:46,2018-01-01 01:02:57,1,2.22,14.31
14243,2018-01-01 00:12:45,2018-01-01 00:25:21,2,2.5,12.3
2098,2018-01-01 00:41:37,2018-01-01 00:49:12,3,1.2,9.95
3516,2018-01-01 00:08:05,2018-01-01 00:17:29,1,1.17,8.8
18132,2018-01-01 00:27:22,2018-01-01 00:55:03,1,5.06,24.8
1310,2018-01-01 00:07:21,2018-01-01 00:21:42,1,6.74,21.8
10132,2018-01-01 00:13:20,2018-01-01 00:31:47,1,4.54,21.62
18197,2018-01-01 00:48:31,2018-01-01 01:18:57,1,5.37,24.3
9130,2018-01-01 00:07:18,2018-01-01 00:34:43,1,6.57,26.8
14739,2018-01-01 00:57:00,2018-01-01 01:02:03,1,1.18,7.3
15880,2018-01-01 00:05:07,2018-01-01 00:13:07,6,1.65,8.8
267,2018-01-01 00:56:49,2018-01-01 01:06:54,6,1.62,9.8
13176,2018-01-01 00:35:20,2018-01-01 00:54:56,1,6.13,22.3
8703,2018-01-01 00:55:54,2018-01-01 01:06:30,1,2.39,12.3
4203,2018-01-01 00:55:33,2018-01-01 01:13:50,1,2.63,15.3
17660,2018-01-01 00:03:43,2018-01-01 00:11:31,1,2.16,9.8
7663,2018-01-01 00:20:33,2018-01-01 00:27:56,1,1.67,11.16
17038,2018-01-01 00:29:26,2018-01-01 00:34:01,1,1.06,9.49
9642,2018-01-01 00:53:58,2018-01-01 01:19:09,1,8.81,33.3
19704,2018-01-01 00:06:30,2018-01-01 00:21:59,1,3,17.75
175,2018-01-01 00:28:58,2018-01-01 00:37:39,1,1.6,11.15
9577,2018-01-01 00:40:33,2018-01-01 00:47:22,1,1.6,9.55
4281,2018-01-01 00:53:44,2018-01-01 01:04:12,1,2.3,14.65
1074,2018-01-01 00:58:12,2018-01-01 01:19:45,1,4.05,24.51
17320,2018-01-01 00:17:22,2018-01-01 00:20:47,1,0.5,5.8
7427,2018-01-01 01:00:07,2018-01-01 01:19:52,1,3.83,21.62
985,2018-01-01 00:14:23,2018-01-01 23:44:27,1,1.33,8.8
5040,2018-01-01 00:35:31,2018-01-01 00:39:53,1,0.74,6.3
3630,2018-01-01 00:43:17,2018-01-01 00:50:08,1,0.89,7.8
2797,2018-01-01 00:53:16,2018-01-01 01:01:19,1,2.76,11.3
751,2018-01-01 00:07:57,2018-01-01 00:08:01,1,0,20
11552,2018-01-01 00:22:47,2018-01-01 00:35:12,1,2.35,15.99
18810,2018-01-01 00:53:26,2018-01-01 01:03:09,1,1.74,9.8
5426,2018-01-01 00:30:26,2018-01-01 00:45:35,1,4.55,17.3
16879,2018-01-01 00:09:55,2018-01-01 00:27:19,1,4.5,18.3
7378,2018-01-01 00:55:57,2018-01-01 01:08:35,1,2.64,11.8
13123,2018-01-01 00:12:58,2018-01-01 00:54:30,1,16.48,49.8
12779,2018-01-01 00:56:04,2018-01-01 01:09:00,1,2.17,12.3
1848,2018-01-01 00:19:47,2018-01-01 00:35:23,1,4.92,23.3
12849,2018-01-01 00:50:20,2018-01-01 01:01:41,1,2.55,11.8
14287,2018-01-01 00:05:57,2018-01-01 00:21:09,1,8.76,30.96
201,2018-01-01 00:41:46,2018-01-01 00:44:47,1,0.44,5.3
16592,2018-01-01 00:19:04,2018-01-01 00:42:26,1,3.85,19.3
1913,2018-01-01 00:48:44,2018-01-01 01:07:19,1,3.48,21.51
3435,2018-01-01 00:10:50,2018-01-01 00:36:17,2,14.9,41.3
9278,2018-01-01 00:53:26,2018-01-01 01:06:00,2,3.4,16
10436,2018-01-01 00:31:07,2018-01-01 00:44:21,1,2.65,12.8
18662,2018-01-01 00:50:56,2018-01-01 01:01:33,1,2.38,11.8
8229,2018-01-01 00:30:43,2018-01-01 00:30:47,5,0,26
19833,2018-01-01 00:18:02,2018-01-01 00:24:50,5,1.18,7.8
3877,2018-01-01 00:27:33,2018-01-01 00:35:08,5,1.44,8.8
4620,2018-01-01 00:58:27,2018-01-01 01:03:27,5,0.67,7.88
3223,2018-01-01 00:03:31,2018-01-01 00:14:05,1,2.53,11.8
2536,2018-01-01 00:26:46,2018-01-01 01:08:08,1,9.78,36.3
11650,2018-01-01 00:31:00,2018-01-01 00:42:39,1,1.19,9.8
10706,2018-01-01 00:00:24,2018-01-01 00:16:59,2,5.83,19.3
12865,2018-01-01 00:48:42,2018-01-02 00:16:59,2,7.64,26.56
11254,2018-01-01 00:14:49,2018-01-01 00:22:51,1,1.86,11.16
5753,2018-01-01 00:47:10,2018-01-01 00:49:23,1,0,4.8
1941,2018-01-01 00:25:50,2018-01-01 00:51:30,1,9.7,35.3
2651,2018-01-01 00:56:16,2018-01-01 01:04:54,1,1.45,12.75
7206,2018-01-01 00:12:51,2018-01-01 00:21:43,2,1.99,10.3
15631,2018-01-01 00:11:22,2018-01-01 00:13:53,1,0.46,6.36
13742,2018-01-01 00:40:21,2018-01-01 00:50:00,1,1.86,10.3
16624,2018-01-01 00:11:57,2018-01-01 00:14:07,1,0.81,5.8
4110,2018-01-01 00:32:33,2018-01-01 00:37:53,1,1.18,7.3
15828,2018-01-01 00:50:22,2018-01-01 00:52:42,1,0.69,6.5
1948,2018-01-01 00:14:27,2018-01-01 00:34:38,1,5.78,21.8
7967,2018-01-01 00:55:08,2018-01-01 00:57:13,1,0.61,5.3
1930,2018-01-01 00:25:21,2018-01-01 00:33:25,1,1.4,8.8
3875,2018-01-01 00:07:09,2018-01-01 00:35:19,1,9.69,38.16
10269,2018-01-01 00:50:47,2018-01-01 01:15:26,1,4.31,24.36
7061,2018-01-01 00:18:30,2018-01-01 00:24:05,1,1.63,8.3
4372,2018-01-01 00:25:16,2018-01-01 00:36:55,1,5.85,22.56
11084,2018-01-01 00:12:48,2018-01-01 00:24:33,1,2.42,14.16
17330,2018-01-01 00:32:55,2018-01-01 00:38:41,1,1.71,9.96
16886,2018-01-01 00:19:40,2018-01-01 00:32:40,1,3.67,25
5346,2018-01-01 00:42:29,2018-01-01 00:47:27,1,0.8,6.3
4563,2018-01-01 00:55:14,2018-01-01 01:12:38,1,3.4,15.8
18625,2018-01-01 00:12:25,2018-01-01 00:17:50,1,1.06,7.3
16301,2018-01-01 00:29:09,2018-01-01 00:34:22,1,1.31,7.8
13653,2018-01-01 00:40:49,2018-01-01 01:01:25,2,5.45,24.96
11828,2018-01-01 00:23:04,2018-01-01 00:32:49,1,2.72,11.8
1057,2018-01-01 00:30:35,2018-01-01 01:08:19,1,9.81,36.3
17132,2018-01-01 00:20:12,2018-01-01 00:25:49,1,1.11,7.3
5738,2018-01-01 00:28:21,2018-01-01 00:32:39,1,0.99,6.8
18992,2018-01-01 00:33:24,2018-01-01 00:41:23,1,1.92,9.8
6518,2018-01-01 00:42:43,2018-01-01 00:49:28,1,1,9.36
12046,2018-01-01 00:53:36,2018-01-01 00:58:58,1,1.1,7.3
12762,2018-01-01 01:04:53,2018-01-01 01:17:06,1,3.08,14.8
13061,2017-12-31 23:41:48,2017-12-31 23:53:11,1,1.98,13.56
9374,2018-01-01 00:08:31,2018-01-01 00:17:28,2,1.85,10.3
11153,2018-01-01 00:20:02,2018-01-01 00:27:25,1,1.23,10.79
3189,2017-12-31 23:59:10,2018-01-01 00:09:11,1,3.66,20.06
16025,2018-01-01 00:19:05,2018-01-01 00:31:13,1,2.85,12.8
4142,2018-01-01 00:45:33,2018-01-01 00:48:08,1,0.49,5.3
1323,2018-01-01 00:52:56,2018-01-01 01:01:46,1,1.6,9.3
19091,2018-01-01 00:21:03,2018-01-01 00:27:30,1,1.6,8.3
6105,2018-01-01 00:12:05,2018-01-01 00:27:20,1,4.38,21.84
1124,2018-01-01 00:13:06,2018-01-01 00:16:05,5,0.59,5.3
15187,2018-01-01 00:24:38,2018-01-01 00:37:48,5,6.19,20.8
10055,2018-01-01 00:54:29,2018-01-01 00:59:14,5,1.02,8.84
8047,2018-01-01 00:11:04,2018-01-01 00:19:35,1,1.9,9.8
4739,2018-01-01 00:54:49,2018-01-01 01:10:53,1,3.33,15.3
8177,2018-01-01 00:27:39,2018-01-01 00:41:41,1,3.17,13.3
5459,2018-01-01 00:43:51,2018-01-01 01:11:01,1,9.28,35.76
7797,2018-01-01 01:04:31,2018-01-01 01:18:51,1,5.34,22.88
11905,2018-01-01 00:11:56,2018-01-01 00:26:35,1,3.1,17.15
6708,2018-01-01 00:37:04,2018-01-01 00:44:29,1,1.6,11.15
5308,2018-01-01 00:48:52,2018-01-01 00:57:08,1,0.9,8.3
17305,2018-01-01 00:34:57,2018-01-01 00:40:16,1,0.9,6.8
11747,2018-01-01 00:55:30,2018-01-01 01:06:36,2,1.24,9.8
9736,2018-01-01 00:34:19,2018-01-01 00:48:03,1,4.62,17.8
109,2018-01-01 00:18:10,2018-01-01 00:42:22,1,7.7,34.1
3231,2018-01-01 00:14:51,2018-01-01 00:40:37,1,7.77,33.96
10472,2018-01-01 00:48:34,2018-01-01 00:51:25,1,1.1,0
8118,2018-01-01 00:15:47,2018-01-01 00:20:15,1,0.93,8.5
9106,2018-01-01 00:27:47,2018-01-01 00:30:46,1,0.51,6.96
8663,2018-01-01 00:39:12,2018-01-01 00:46:52,1,1.31,10.56
18474,2018-01-01 00:56:54,2018-01-01 01:01:28,1,0.82,6.8
15715,2018-01-01 00:12:56,2018-01-01 00:18:26,1,1.07,7.3
3538,2018-01-01 00:32:27,2018-01-01 00:45:10,1,1.66,10.8
15665,2018-01-01 00:38:25,2018-01-01 00:53:54,1,6.46,21.8
7004,2018-01-01 00:24:55,2018-01-01 00:36:41,1,2.6,11.8
17534,2018-01-01 00:26:26,2018-01-01 00:43:26,6,3.65,19.12
12557,2018-01-01 00:19:05,2018-01-01 00:30:32,1,1.79,12.88
7559,2018-01-01 00:52:06,2018-01-01 01:00:06,1,2.1,10.3
9279,2018-01-01 00:27:43,2018-01-01 00:32:46,4,2,9.3
16782,2018-01-01 00:49:35,2018-01-01 01:00:44,3,1.5,10.3
3727,2018-01-01 00:33:16,2018-01-01 00:43:16,1,3.73,13.8
18832,2018-01-01 00:06:46,2018-01-01 00:12:51,1,1.57,8.3
6712,2018-01-01 00:25:55,2018-01-01 00:32:00,1,1.14,7.3
14883,2018-01-01 00:33:30,2018-01-01 00:41:29,1,0.98,9.96
15651,2018-01-01 01:00:36,2018-01-01 01:07:20,1,1.2,9.36
19992,2018-01-01 00:12:28,2018-01-01 00:18:24,1,1.12,7.8
18870,2018-01-01 00:19:49,2018-01-01 00:20:19,1,0,6
4457,2018-01-01 00:21:48,2018-01-01 00:22:17,1,0,5
8758,2018-01-01 00:19:39,2018-01-01 00:27:46,1,1.8,9.8
18806,2018-01-01 00:36:55,2018-01-01 00:43:59,1,1.7,18.3
13197,2018-01-01 00:52:12,2018-01-01 00:57:27,1,0.9,8.15
19017,2018-01-01 00:47:38,2018-01-01 00:59:10,1,3.88,14.8
13203,2018-01-01 00:16:44,2018-01-01 00:22:52,1,1.14,7.8
7956,2018-01-01 00:38:33,2018-01-01 00:47:11,1,1.57,9.3
16999,2018-01-01 00:40:19,2018-01-01 00:43:09,1,0.53,5.3
12838,2018-01-01 00:16:10,2018-01-01 00:35:16,1,6.16,24.7
18800,2018-01-01 00:41:36,2018-01-01 00:49:06,1,1.2,9
15284,2018-01-01 01:01:34,2018-01-01 01:18:08,1,5.64,20.8
2666,2018-01-01 00:14:54,2018-01-01 00:20:20,1,2.4,12.25
17734,2018-01-01 00:34:44,2018-01-01 00:47:52,1,3.38,13.8
10513,2018-01-01 00:06:01,2018-01-01 00:12:32,1,2.7,10.8
10099,2018-01-01 00:15:16,2018-01-01 00:28:53,1,5.8,24.1
8427,2018-01-01 00:38:35,2018-01-01 00:52:04,1,6.3,27
16899,2018-01-01 00:55:17,2018-01-01 01:00:20,1,0.7,8.15
19604,2018-01-01 00:45:58,2018-01-01 00:58:21,1,2.24,11.3
11820,2018-01-01 00:10:19,2018-01-01 00:23:09,1,2.1,11.8
2056,2018-01-01 00:24:20,2018-01-01 00:42:48,6,1.89,12.3
13015,2018-01-01 00:51:30,2018-01-01 01:05:42,6,3.07,13.8
16267,2018-01-01 00:49:46,2018-01-01 00:54:10,1,0.63,6.3
18564,2018-01-01 00:33:20,2018-01-01 00:41:37,1,0.97,8.3
11507,2018-01-01 00:52:05,2018-01-01 00:54:27,1,0.44,4.8
8487,2018-01-01 00:15:44,2018-01-01 00:51:20,5,5.16,30.36
382,2018-01-01 00:24:06,2018-01-01 00:28:24,1,1.06,6.8
131,2018-01-01 00:30:14,2018-01-01 00:33:39,1,1.01,6.3
9933,2018-01-01 00:43:03,2018-01-01 00:55:11,1,2.12,11.3
1077,2018-01-01 00:47:30,2018-01-01 00:54:30,5,1.26,9.96
2425,2018-01-01 00:55:14,2018-01-01 00:58:23,5,0.54,6.36
10274,2018-01-01 00:19:34,2018-01-01 00:53:20,6,7.6,35.8
14399,2018-01-01 00:37:21,2018-01-01 01:03:20,1,5.7,23.8
11622,2018-01-01 00:06:17,2018-01-01 00:20:58,3,3.09,13.8
16116,2018-01-01 00:36:43,2018-01-01 00:57:14,3,2.74,16.3
7349,2018-01-01 01:01:22,2018-01-01 01:19:03,3,5.16,23.76
12954,2018-01-01 00:37:17,2018-01-01 00:51:17,1,2.94,16.8
6802,2018-01-01 00:33:28,2018-01-01 00:38:22,1,1.38,7.3
4572,2018-01-01 00:40:14,2018-01-01 00:52:07,1,1.33,9.8
11748,2018-01-01 00:12:31,2018-01-01 00:16:18,1,0.58,7.25
9239,2018-01-01 00:29:29,2018-01-01 00:39:12,1,1.52,9.8
19225,2018-01-01 00:50:39,2018-01-01 01:28:08,1,7.8,45.3
10847,2018-01-01 00:29:56,2018-01-01 00:40:48,1,2.15,14.8
4136,2018-01-01 00:52:49,2018-01-01 01:01:39,1,2.05,10.3
8382,2018-01-01 00:13:17,2018-01-01 00:18:19,1,1.17,9.12
6551,2018-01-01 00:29:15,2018-01-01 00:53:56,1,11.48,39
4284,2018-01-01 00:22:35,2018-01-01 00:25:45,1,0.49,5.3
9495,2018-01-01 00:28:30,2018-01-01 01:07:22,1,12.04,48.36
19235,2018-01-01 00:26:50,2018-01-01 00:35:46,1,1.88,10.3
298,2018-01-01 00:41:10,2018-01-01 00:45:07,1,0.62,5.8
11557,2018-01-01 01:02:33,2018-01-01 01:05:54,1,0.72,5.8
15661,2018-01-01 00:25:11,2018-01-01 00:44:14,1,5.6,20.8
9954,2018-01-01 00:35:43,2018-01-01 00:35:52,1,0.4,3.8
3955,2018-01-01 00:09:38,2018-01-01 00:16:50,3,1.78,9.3
4308,2018-01-01 00:33:14,2018-01-01 01:07:16,3,10.33,43.5
7663,2018-01-01 00:27:48,2018-01-01 00:33:06,1,0.82,6.8
2624,2018-01-01 00:37:48,2018-01-01 00:45:02,1,1.3,8.8
18035,2018-01-01 00:47:25,2018-01-01 01:07:20,1,5.26,20.3
7744,2018-01-01 00:26:27,2018-01-01 00:31:06,5,1.7,10.79
14555,2018-01-01 00:16:50,2018-01-01 00:41:50,1,4.99,21.3
5963,2018-01-01 00:49:14,2018-01-01 01:08:23,1,2.87,18.78
18595,2018-01-01 00:16:37,2018-01-01 00:48:37,1,6.01,33.54
8333,2018-01-01 00:59:24,2018-01-01 01:05:18,1,1.6,14.91
15879,2018-01-01 00:22:50,2018-01-01 00:35:36,1,3.47,14.8
6464,2018-01-01 00:53:33,2018-01-01 01:04:03,1,2.32,14.69
19242,2018-01-01 00:31:39,2018-01-01 00:47:24,1,3.59,15.3
16990,2018-01-01 00:22:13,2018-01-01 00:29:51,1,1.05,8.3
11702,2018-01-01 00:44:58,2018-01-01 00:49:48,1,0.89,6.8
9618,2018-01-01 00:55:55,2018-01-01 01:05:10,1,2.42,11.8
9564,2018-01-01 00:18:09,2018-01-01 00:34:43,1,3.16,22.11
17017,2018-01-01 00:16:38,2018-01-01 00:20:54,1,0.54,7.56
10454,2018-01-01 00:30:34,2018-01-01 00:35:09,1,1.21,7.3
543,2018-01-01 00:15:06,2018-01-01 00:24:38,4,1.93,10.3
5018,2018-01-01 00:28:36,2018-01-01 00:42:32,1,3.49,14.8
9745,2018-01-01 00:55:29,2018-01-01 00:58:26,1,0.53,5.3
2393,2018-01-01 00:03:57,2018-01-01 00:13:00,1,1.7,9.8
4266,2018-01-01 00:26:38,2018-01-01 00:39:31,1,2.6,14.72
15245,2018-01-01 00:50:46,2018-01-01 01:11:59,1,3.5,19.9
17729,2018-01-01 01:01:43,2018-01-01 01:13:16,1,2.3,11.8
10598,2018-01-01 00:09:32,2018-01-01 00:22:30,1,2.52,16.64
14997,2018-01-01 00:34:07,2018-01-01 00:44:09,1,2.57,11.8
8882,2018-01-01 00:59:30,2018-01-01 01:18:44,2,4.23,20
15665,2018-01-01 00:10:19,2018-01-01 00:28:41,2,3.8,16.8
6141,2018-01-01 00:43:33,2018-01-01 01:01:30,3,3.54,18.8
14083,2018-01-01 00:20:22,2018-01-01 00:32:29,1,2.59,12.3
6466,2018-01-01 00:59:05,2018-01-01 01:06:18,1,1.42,8.3
8486,2018-01-01 00:32:01,2018-01-01 00:51:05,5,3.6,19.56
1775,2018-01-01 00:59:42,2018-01-01 01:32:52,2,9.72,34.3
15823,2018-01-01 00:32:24,2018-01-01 00:35:15,1,0.49,6.36
1957,2018-01-01 00:37:20,2018-01-01 01:00:59,1,6.65,25.3
12101,2018-01-01 00:17:51,2018-01-01 00:25:02,1,1.13,9.96
18711,2018-01-01 00:27:56,2018-01-01 00:35:40,1,1.21,10.56
13744,2018-01-01 00:38:06,2018-01-01 00:42:17,1,0.72,6.3
15424,2018-01-01 00:45:15,2018-01-01 00:52:53,1,1.32,10.56
9161,2018-01-01 00:19:31,2018-01-01 00:29:18,1,2.06,10.8
9746,2018-01-01 00:35:19,2018-01-01 00:39:47,1,0.68,6.3
17193,2018-01-01 00:50:42,2018-01-01 01:00:28,2,1.99,13.39
12795,2018-01-01 00:03:49,2018-01-01 00:44:18,1,8.05,41
532,2018-01-01 00:31:34,2018-01-01 00:43:34,1,2.11,11.8
12340,2018-01-01 00:46:51,2018-01-01 01:35:43,1,10.51,48.36
3810,2018-01-01 00:19:05,2018-01-01 00:22:31,1,0.7,5.8
19618,2018-01-01 00:12:12,2018-01-01 00:18:35,1,1,7.8
19465,2018-01-01 00:25:10,2018-01-01 00:30:26,1,1.04,7.3
8300,2018-01-01 00:34:00,2018-01-01 00:40:58,1,1.36,10.38
11914,2018-01-01 00:44:40,2018-01-01 01:00:23,1,4.63,17.8
12696,2018-01-01 00:23:56,2018-01-01 00:31:17,1,1.4,9.3
11729,2018-01-01 00:51:28,2018-01-01 00:58:26,1,1.5,8.3
8859,2018-01-01 00:30:24,2018-01-01 00:36:27,1,1.66,10.38
5942,2018-01-01 00:51:27,2018-01-01 01:06:58,1,2.57,20.54
19175,2018-01-01 00:07:26,2018-01-01 00:15:19,1,1.28,8.8
16750,2018-01-01 00:21:15,2018-01-01 00:26:39,1,1.47,9.75
57,2018-01-01 00:25:35,2018-01-01 00:50:28,1,9.8,38.75
5153,2018-01-01 00:51:39,2018-01-01 01:01:49,1,1.8,11.8
15941,2018-01-01 00:26:42,2018-01-01 00:42:34,1,8.6,40
5073,2018-01-01 00:06:53,2018-01-01 00:22:57,1,3.83,18.96
4440,2018-01-01 00:31:10,2018-01-01 00:42:39,1,1.88,10.8
8475,2018-01-01 00:56:49,2018-01-01 00:59:22,1,0.69,6.89
10140,2018-01-01 01:03:06,2018-01-01 01:39:49,1,8.58,29.8
14121,2018-01-01 00:36:43,2018-01-01 00:50:07,1,2.72,12.8
10608,2018-01-01 00:17:09,2018-01-01 00:38:23,5,7.55,25.8
14205,2018-01-01 00:41:47,2018-01-01 01:03:49,5,3.18,19.8
13337,2018-01-01 00:34:56,2018-01-01 00:37:02,1,0.43,4.8
11010,2018-01-01 00:39:50,2018-01-01 00:58:55,1,3.14,18.96
1570,2018-01-01 00:09:48,2018-01-01 00:21:33,1,2.65,12.3
1947,2018-01-01 00:33:24,2018-01-01 00:40:31,1,0.9,7.8
1531,2018-01-01 00:51:35,2018-01-01 00:57:37,1,1.25,7.8
16100,2018-01-01 00:43:19,2018-01-01 00:48:48,1,1.25,9.3
19990,2018-01-01 00:53:54,2018-01-01 01:05:47,1,2.08,11.3
11418,2018-01-01 00:11:28,2018-01-01 00:14:32,1,0.66,5.8
7816,2018-01-01 00:21:52,2018-01-01 00:25:23,1,0.39,5.8
10673,2018-01-01 00:28:54,2018-01-01 00:42:01,1,5.17,20.3
16607,2018-01-01 00:17:25,2018-01-01 00:20:06,1,0.4,5.3
1013,2018-01-01 00:22:02,2018-01-01 00:34:06,1,3,16
19377,2018-01-01 00:40:29,2018-01-01 00:48:37,1,1.4,8.3
8244,2018-01-01 00:20:03,2018-01-01 00:25:06,1,0.8,6.8
10234,2018-01-01 00:33:59,2018-01-01 00:41:34,1,1.4,9.95
15115,2018-01-01 00:44:12,2018-01-01 00:50:34,1,1.1,7.8
8961,2018-01-01 00:54:05,2018-01-01 00:56:20,1,0.4,5.3
5007,2018-01-01 00:57:48,2018-01-01 01:15:39,1,5,19.3
6577,2018-01-01 00:21:49,2018-01-01 00:33:58,1,2.74,11.8
5695,2018-01-01 00:45:36,2018-01-01 00:50:46,1,1.03,7.3
5612,2018-01-01 00:51:49,2018-01-01 00:54:41,1,0.53,5.3
9106,2018-01-01 00:58:42,2018-01-01 01:05:46,1,1.68,8.8
362,2018-01-01 00:35:36,2018-01-01 00:51:26,1,2.78,13.8
14219,2018-01-01 00:14:22,2018-01-01 00:19:40,1,1.07,7.3
11672,2018-01-01 00:27:50,2018-01-01 00:34:42,1,0.96,9.36
4861,2018-01-01 00:43:46,2018-01-01 00:47:23,1,0.49,5.8
19577,2018-01-01 00:57:49,2018-01-01 01:00:27,1,0.53,5.3
10528,2018-01-01 00:43:15,2018-01-01 00:46:07,1,0.56,5.3
4150,2018-01-01 00:20:27,2018-01-01 00:48:12,1,6.42,30.36
18737,2018-01-01 00:55:28,2018-01-01 01:05:37,1,1.94,12.88
5317,2018-01-01 01:12:08,2018-01-01 01:36:53,1,4.44,25.9
12843,2018-01-01 00:28:57,2018-01-01 00:40:53,1,2.6,11.8
2436,2018-01-01 00:41:15,2018-01-01 00:51:36,1,1.5,9.3
11634,2018-01-01 00:59:55,2018-01-01 01:12:26,1,2.4,11.3
8414,2018-01-01 00:00:11,2018-01-01 00:06:56,1,0.85,8.76
12684,2018-01-01 00:27:20,2018-01-01 00:34:21,3,1.48,9.96
7824,2018-01-01 00:40:02,2018-01-01 01:00:39,3,5.97,26.16
8264,2018-01-01 00:32:32,2018-01-01 00:39:43,1,2.32,12.25
6953,2018-01-01 00:47:30,2018-01-01 00:52:31,1,1.34,8.76
15087,2018-01-01 00:57:42,2018-01-01 01:06:04,1,2.23,11.76
271,2018-01-01 00:09:35,2018-01-01 00:25:03,2,1.59,12.8
18651,2018-01-01 00:42:09,2018-01-01 00:46:32,2,0.66,9.51
2895,2018-01-01 00:54:39,2018-01-01 01:12:51,2,2.83,15.3
12415,2018-01-01 00:08:41,2018-01-01 00:43:30,1,7.7,39.35
5344,2018-01-01 00:39:58,2018-01-01 00:51:02,1,2.19,13.56
12249,2018-01-01 00:56:17,2018-01-01 01:06:51,1,1.97,13.39
11878,2018-01-01 00:58:41,2018-01-01 01:03:30,1,1,6.8
6477,2018-01-01 00:36:06,2018-01-01 00:42:02,1,1,7.3
7166,2018-01-01 00:58:46,2018-01-01 01:21:19,1,4,18.8
16379,2018-01-01 00:20:56,2018-01-01 00:36:34,1,2.59,13.8
18131,2018-01-01 00:39:01,2018-01-01 00:41:10,1,0.38,4.8
19809,2018-01-01 00:44:19,2018-01-01 01:10:14,1,8.15,28.8
6941,2018-01-01 00:14:02,2018-01-01 00:27:23,1,2.72,13.3
15750,2018-01-01 00:24:49,2018-01-01 00:57:33,1,9.3,39.35
10940,2018-01-01 00:35:21,2018-01-01 00:54:50,1,4.16,23.31
5325,2018-01-01 00:37:16,2018-01-01 00:46:02,1,1.95,10.3
37,2018-01-01 00:48:56,2018-01-01 01:04:39,1,2.81,14.3
6907,2018-01-01 00:15:50,2018-01-01 00:29:57,1,2.57,13.3
17266,2018-01-01 00:09:41,2018-01-01 00:19:10,1,1.43,9.8
9880,2018-01-01 00:43:45,2018-01-01 01:17:23,1,10.41,42
18753,2018-01-01 00:17:58,2018-01-01 00:29:45,1,2.62,12.3
6973,2018-01-01 00:30:14,2018-01-01 00:58:37,1,10.99,34.8
19311,2018-01-01 00:37:01,2018-01-01 00:43:58,1,1.67,12.51
6309,2018-01-01 00:35:06,2018-01-01 00:43:56,2,1.87,13.71
17713,2018-01-01 00:44:57,2018-01-01 01:09:21,2,10.68,33.3
12346,2018-01-01 00:08:18,2018-01-01 00:20:49,1,4.5,16.3
8158,2018-01-01 00:08:51,2018-01-01 00:33:48,1,8.2,33.35
12494,2018-01-01 00:40:30,2018-01-01 01:15:15,1,10,42.95
19953,2018-01-01 00:17:45,2018-01-01 00:27:22,1,1.48,9.3
5791,2018-01-01 00:41:48,2018-01-01 01:12:09,1,5.71,30.36
13476,2018-01-01 00:29:35,2018-01-01 00:41:55,2,3.9,17.02
15766,2018-01-01 00:15:08,2018-01-01 00:42:53,5,4.1,20.3
4923,2018-01-01 00:59:16,2018-01-01 01:02:37,5,0.61,5.8
14818,2018-01-01 00:26:16,2018-01-01 00:49:26,1,5.71,25.8
9221,2018-01-01 00:26:44,2018-01-01 00:33:53,2,1.89,9.3
12745,2018-01-01 00:43:35,2018-01-01 00:56:06,2,2.27,14.16
214,2018-01-01 00:09:48,2018-01-01 00:21:50,1,1.88,14.69
8832,2018-01-01 00:40:37,2018-01-01 00:46:55,3,1.23,11.8
18067,2018-01-01 00:13:41,2018-01-01 00:28:56,1,5.4,19.3
6737,2018-01-01 00:49:03,2018-01-01 01:12:24,1,5.77,26.76
7618,2018-01-01 00:18:56,2018-01-01 00:28:26,1,2.46,14.69
10962,2018-01-01 00:58:35,2018-01-01 01:14:03,1,2.69,14.3
391,2018-01-01 00:18:02,2018-01-01 00:34:25,1,3.79,15.8
14653,2018-01-01 01:03:28,2018-01-01 01:08:12,1,0.63,7.56
16826,2018-01-01 00:18:57,2018-01-01 00:28:21,5,1.73,12.25
2566,2018-01-01 00:59:59,2018-01-01 01:07:50,1,2.36,10.8
12527,2018-01-01 00:07:57,2018-01-01 00:15:38,1,0,8.76
18600,2018-01-01 00:21:43,2018-01-01 00:27:28,1,0,7.3
18809,2018-01-01 00:04:03,2018-01-01 00:06:13,1,0.24,-4.8
12481,2018-01-01 00:04:03,2018-01-01 00:06:13,1,0.24,4.8
11316,2018-01-01 01:01:02,2018-01-01 01:23:10,1,7.54,25.3
12515,2018-01-01 00:12:38,2018-01-01 00:28:13,1,6.51,21.8
15627,2018-01-01 00:44:29,2018-01-01 00:56:16,1,3.74,18.5
1370,2018-01-01 00:26:06,2018-01-01 00:35:18,2,1.7,9.3
11272,2018-01-01 00:08:45,2018-01-01 00:22:51,1,7.9,24.3
17823,2018-01-01 00:50:07,2018-01-01 01:11:40,1,9.2,35.15
12608,2018-01-01 00:06:45,2018-01-01 00:35:20,1,4.57,26.16
2259,2018-01-01 00:45:34,2018-01-01 00:59:16,1,2.3,12.8
14967,2018-01-01 00:26:11,2018-01-01 00:40:35,1,3.06,14.3
18481,2018-01-01 00:56:20,2018-01-01 01:08:30,1,1.97,11.3
18001,2018-01-01 00:28:20,2018-01-01 00:38:50,1,3.25,16.3
5584,2018-01-01 00:58:28,2018-01-01 01:23:58,1,7.21,25.8
8237,2018-01-01 00:27:48,2018-01-01 00:39:54,1,2.31,12.3
7718,2018-01-01 00:18:05,2018-01-01 00:21:08,1,0.69,5.8
18806,2018-01-01 00:27:03,2018-01-01 00:31:46,1,0.69,6.3
3396,2018-01-01 00:49:18,2018-01-01 01:03:05,1,4.19,26.47
17750,2018-01-01 00:29:07,2018-01-01 00:48:22,1,3.7,21.6
6185,2018-01-01 00:50:46,2018-01-01 00:56:52,2,1.17,7.3
3109,2018-01-01 00:21:30,2018-01-01 00:23:14,2,0.24,4.8
15616,2018-01-01 00:26:21,2018-01-01 00:38:56,2,3.4,13.8
18437,2018-01-01 00:50:45,2018-01-01 01:05:23,2,3.07,13.8
5317,2018-01-01 00:16:50,2018-01-01 00:40:33,1,7.73,25.8
17232,2018-01-01 00:03:33,2018-01-01 00:23:59,1,6.47,23.3
4746,2018-01-01 00:29:43,2018-01-01 00:39:45,1,1.47,10.3
9895,2018-01-01 00:40:31,2018-01-01 00:46:04,1,1.02,6.8
19123,2018-01-01 00:58:25,2018-01-01 01:01:00,1,0.46,6.89
272,2018-01-01 00:26:33,2018-01-01 00:35:10,1,1.59,11.16
18593,2018-01-01 00:46:30,2018-01-01 00:59:08,1,2.63,15.36
15026,2018-01-01 00:08:15,2018-01-01 00:12:45,5,0.9,6.8
4213,2018-01-01 00:24:42,2018-01-01 00:29:44,5,0.84,6.8
11218,2018-01-01 00:39:08,2018-01-01 00:52:57,5,2.31,12.8
14608,2018-01-01 00:32:25,2018-01-01 00:42:23,1,1.74,12.25
19450,2018-01-01 00:53:24,2018-01-01 01:19:14,1,4.65,24.96
3900,2018-01-01 00:23:39,2018-01-01 00:41:27,1,5.74,19.8
6800,2018-01-01 00:16:53,2018-01-01 00:29:02,1,2.34,13.3
18305,2018-01-01 00:43:47,2018-01-01 00:47:25,1,1.02,8.8
221,2018-01-01 00:52:02,2018-01-01 01:21:03,1,7.24,34.75
1238,2018-01-01 00:06:05,2018-01-01 00:15:20,1,1.88,10.3
6308,2018-01-01 00:18:17,2018-01-01 00:33:12,1,6.38,21.3
6223,2018-01-01 00:47:41,2018-01-01 01:09:54,6,3.14,18.8
18137,2018-01-01 00:33:40,2018-01-01 00:59:13,1,6.1,23.3
3288,2018-01-01 00:50:25,2018-01-01 01:03:35,1,2.2,11.8
1520,2018-01-01 01:01:13,2018-01-01 01:17:01,1,4.54,17.8
7992,2018-01-01 00:03:07,2018-01-01 00:10:53,1,1.12,8.3
19474,2018-01-01 00:38:21,2018-01-01 01:26:38,1,12.81,53.76
13324,2018-01-01 00:18:34,2018-01-01 00:38:12,1,3.93,18.8
17674,2018-01-01 00:38:57,2018-01-01 01:00:31,1,3.79,20
9470,2018-01-01 00:23:04,2018-01-01 00:36:22,1,2.4,12.3
2279,2018-01-01 00:43:51,2018-01-01 00:48:56,1,0.7,6.8
3630,2018-01-01 00:37:19,2018-01-01 00:47:49,1,2.1,13.55
9211,2018-01-01 00:40:14,2018-01-01 01:10:15,1,6.71,31.56
9137,2018-01-01 00:54:05,2018-01-01 00:58:04,1,0.74,5.8
16028,2018-01-01 00:14:18,2018-01-01 00:16:12,1,0.34,-4.8
11183,2018-01-01 00:14:18,2018-01-01 00:16:12,1,0.34,4.8
3823,2018-01-01 00:15:56,2018-01-01 00:21:53,1,1.16,7.3
14739,2018-01-01 00:23:10,2018-01-01 00:43:12,1,4.09,17.8
204,2018-01-01 00:23:16,2018-01-01 00:29:00,2,1.1,7.3
12762,2018-01-01 00:36:55,2018-01-01 00:50:45,1,3.3,13.8
10166,2018-01-01 00:58:14,2018-01-01 01:02:36,1,0.8,8.8
11357,2018-01-01 00:31:03,2018-01-01 00:39:57,1,1.98,12.74
3219,2018-01-01 00:45:30,2018-01-01 00:54:38,1,2.81,12.8
3961,2018-01-01 00:07:34,2018-01-01 00:17:38,1,1.75,11.8
7231,2018-01-01 00:30:48,2018-01-01 00:52:54,2,4.74,19.3
1893,2018-01-01 00:10:04,2018-01-01 00:18:30,1,1.2,11
1692,2018-01-01 00:35:02,2018-01-01 01:00:10,2,6,26.22
10245,2018-01-01 00:16:17,2018-01-01 00:22:12,2,1.31,9.36
7607,2018-01-01 00:45:21,2018-01-01 01:05:24,1,3.56,16.3
19645,2018-01-01 01:01:13,2018-01-01 01:22:04,2,3.95,17.8
12237,2018-01-01 00:36:16,2018-01-01 00:42:55,1,1.37,8.3
15187,2018-01-01 00:39:21,2018-01-01 00:48:23,2,2.26,12.36
2738,2018-01-01 00:53:02,2018-01-01 01:02:55,2,2.12,10.8
11499,2018-01-01 00:36:38,2018-01-01 00:51:05,1,4.77,21.96
13304,2018-01-01 01:04:08,2018-01-01 01:22:35,1,2.96,15.3
6534,2018-01-01 00:31:51,2018-01-01 00:33:24,1,0.26,5.8
17920,2018-01-01 00:36:49,2018-01-01 00:44:50,1,1.58,9.3
1111,2018-01-01 00:46:51,2018-01-01 01:13:36,1,4.55,21.3
10532,2018-01-01 00:56:21,2018-01-01 00:56:28,1,0.04,-3.8
6161,2018-01-01 00:56:21,2018-01-01 00:56:28,1,0.04,3.8
13259,2018-01-01 00:56:08,2018-01-01 01:01:31,1,1.7,8.8
9849,2018-01-01 01:02:02,2018-01-01 01:22:06,1,3.73,17.3
2960,2018-01-01 00:15:22,2018-01-01 00:20:20,6,1.38,9.36
14341,2018-01-01 00:30:04,2018-01-01 00:44:51,6,2.93,16.56
6630,2018-01-01 00:27:02,2018-01-01 00:38:15,4,1.6,12.35
16467,2018-01-01 00:29:37,2018-01-01 00:38:12,1,4.58,15.3
1983,2018-01-01 01:01:22,2018-01-01 01:05:51,1,1.52,15.57
13291,2018-01-01 00:09:27,2018-01-01 00:24:52,1,2.8,12.8
1146,2018-01-01 00:40:37,2018-01-01 00:53:50,1,2.6,14
11378,2018-01-01 00:09:50,2018-01-01 00:33:58,1,4.2,26.6
6759,2018-01-01 00:36:51,2018-01-01 01:08:08,1,4.5,22.3
5714,2018-01-01 00:18:16,2018-01-01 00:36:29,1,3.29,15.8
6090,2018-01-01 00:11:58,2018-01-01 00:33:30,1,6.24,22.8
7487,2018-01-01 00:37:50,2018-01-01 00:45:23,1,1,9.36
4453,2018-01-01 00:50:33,2018-01-01 00:55:13,1,0.82,6.3
14692,2018-01-01 00:23:43,2018-01-01 00:37:19,1,1.89,11.3
14047,2018-01-01 00:51:10,2018-01-01 01:21:38,1,3.71,21.3
11180,2018-01-01 00:11:03,2018-01-01 00:15:50,2,0.8,8.8
9561,2018-01-01 00:25:36,2018-01-01 00:41:50,3,6.1,20.8
14124,2018-01-01 00:52:13,2018-01-01 00:56:03,3,0.7,6.3
8477,2018-01-01 00:57:20,2018-01-01 01:06:57,1,2.3,14
443,2018-01-01 00:06:43,2018-01-01 00:20:53,1,3.02,13.8
18222,2018-01-01 00:22:04,2018-01-01 00:34:08,1,1.76,13.56
17304,2018-01-01 00:43:33,2018-01-02 00:34:08,1,4,17.3
7912,2017-12-31 23:13:44,2017-12-31 23:24:33,1,1.71,10.3
18841,2017-12-31 23:28:06,2017-12-31 23:38:43,1,1.69,10.3
9912,2017-12-31 23:40:22,2017-12-31 23:50:24,1,1.97,10.8
12020,2018-01-01 00:09:12,2018-01-01 00:13:40,1,0.98,6.3
7595,2018-01-01 00:48:47,2018-01-01 00:56:10,1,2.75,11.3
8591,2018-01-01 00:37:58,2018-01-01 00:48:54,1,2.45,11.3
384,2018-01-01 00:09:56,2018-01-01 00:41:16,1,15.5,45.3
14686,2018-01-01 00:58:37,2018-01-01 01:41:28,1,10.19,37.3
3537,2018-01-01 00:12:16,2018-01-01 00:20:07,2,1,8.3
6227,2018-01-01 00:26:54,2018-01-01 00:44:59,2,3.8,20.15
2761,2018-01-01 00:57:40,2018-01-01 01:08:15,2,1.9,13.5
3807,2018-01-01 00:09:48,2018-01-01 00:12:41,2,0.72,7.54
3835,2018-01-01 00:29:09,2018-01-01 00:45:40,2,5.98,24.96
6907,2018-01-01 00:16:58,2018-01-01 00:33:47,1,11.89,33.3
18278,2018-01-01 00:54:34,2018-01-01 01:18:14,1,5.97,27.96
9427,2018-01-01 00:05:52,2018-01-01 00:26:12,1,3.4,17.3
9009,2018-01-01 00:39:02,2018-01-01 01:03:14,1,4.6,19.8
8634,2018-01-01 00:50:55,2018-01-01 01:04:26,1,2.68,13.3
14993,2018-01-01 00:12:48,2018-01-01 00:24:12,2,6.51,20.8
7450,2018-01-01 00:31:55,2018-01-01 00:36:08,2,0.82,6.3
16182,2018-01-01 00:53:55,2018-01-01 01:01:45,2,1.62,9.3
2399,2018-01-01 00:12:13,2018-01-01 00:20:08,1,1.77,11.16
9358,2018-01-01 00:53:16,2018-01-01 01:03:39,1,1.5,7.3
15216,2018-01-01 00:28:55,2018-01-01 00:38:11,1,1.67,9.3
1080,2018-01-01 00:49:16,2018-01-01 01:08:07,1,5.4,19.8
923,2018-01-01 00:12:22,2018-01-01 00:13:25,1,0.23,-4.3
15369,2018-01-01 00:12:22,2018-01-01 00:13:25,1,0.23,4.3
14908,2018-01-01 00:45:04,2018-01-01 01:02:13,1,6.27,21.8
10087,2018-01-01 00:03:12,2018-01-01 00:32:19,1,6.15,29.8
12424,2018-01-01 00:49:23,2018-01-01 01:00:00,1,3.52,16.56
4455,2018-01-01 00:14:42,2018-01-01 00:21:08,6,0.58,8.5
12811,2018-01-01 00:46:09,2018-01-01 01:04:36,6,2.81,18.5
11704,2018-01-01 00:28:45,2018-01-01 00:39:14,1,1.72,10.3
471,2018-01-01 00:44:23,2018-01-01 00:50:00,1,0.77,7.3
19458,2018-01-01 00:55:26,2018-01-01 01:01:31,1,1.5,10
14486,2018-01-01 00:18:06,2018-01-01 00:32:07,1,1.91,14.16
19333,2018-01-01 00:39:29,2018-01-01 01:02:23,1,3.41,23.31
1927,2018-01-01 00:22:46,2018-01-01 00:25:27,2,0.54,8.31
14581,2018-01-01 00:38:36,2018-01-01 00:49:24,2,3.57,17.16
6534,2018-01-01 00:50:16,2018-01-01 00:55:58,2,1.06,8.76
19574,2018-01-01 00:57:38,2018-01-01 01:02:11,2,0.78,7.56
5501,2018-01-01 00:14:27,2018-01-01 00:20:23,1,0.86,6.8
17333,2018-01-01 00:37:31,2018-01-01 00:43:39,1,1.19,7.3
19931,2018-01-01 00:28:54,2018-01-01 00:53:56,1,4.53,25.74
6469,2018-01-01 00:22:48,2018-01-01 00:29:35,1,1.46,8.8
8847,2018-01-01 00:35:28,2018-01-01 00:45:09,1,2.16,10.8
9971,2018-01-01 00:59:44,2018-01-01 01:17:22,1,3.52,19.56
6436,2018-01-01 00:40:11,2018-01-01 00:46:52,2,1.75,8.8
18935,2018-01-01 00:20:40,2018-01-01 00:29:32,3,1.88,9.8
4576,2018-01-01 00:45:55,2018-01-01 00:54:22,2,1.34,8.3
7377,2018-01-01 00:53:58,2018-01-01 00:57:58,1,0.58,6.8
4575,2018-01-01 00:17:13,2018-01-01 00:22:26,1,1.63,8.3
15054,2018-01-01 00:26:37,2018-01-01 00:43:42,4,4.43,17.3
16634,2018-01-01 00:41:42,2018-01-01 00:45:57,1,0.55,6.3
10501,2018-01-01 00:53:54,2018-01-01 01:09:32,1,1.72,12.8
5403,2018-01-01 00:19:52,2018-01-01 00:34:36,1,3.36,14.3
8361,2018-01-01 00:52:54,2018-01-01 00:56:43,1,0.6,7.25
3119,2018-01-01 00:08:34,2018-01-01 00:13:51,1,1.4,7.8
712,2018-01-01 00:36:10,2018-01-01 00:42:13,1,0.99,7.3
1215,2018-01-01 00:49:07,2018-01-01 01:06:10,1,3.55,16.3
13602,2018-01-01 00:51:52,2018-01-01 01:03:30,2,1.63,10.8
7859,2018-01-01 00:11:52,2018-01-01 00:28:24,5,2.99,14.8
19017,2018-01-01 00:45:35,2018-01-01 00:48:44,5,0.56,5.8
8708,2018-01-01 00:43:24,2018-01-01 00:50:06,1,1.91,9.3
15618,2018-01-01 00:30:14,2018-01-01 00:33:04,1,1.08,7.56
28,2018-01-01 00:47:34,2018-01-01 00:56:34,1,1.47,9.8
19710,2018-01-01 00:08:30,2018-01-01 00:28:34,1,7.53,29.76
16797,2018-01-01 00:32:40,2018-01-01 00:36:34,1,0.66,5.8
6360,2018-01-01 00:40:36,2018-01-01 00:53:26,1,3.69,15.3
12660,2018-01-01 00:09:59,2018-01-01 00:17:10,1,1.64,11.8
4820,2018-01-01 00:24:37,2018-01-01 00:27:57,1,0.74,6.3
11777,2018-01-01 00:31:46,2018-01-01 00:45:07,1,2.16,12.3
19292,2018-01-01 00:50:25,2018-01-01 01:00:56,1,1.79,10.8
682,2018-01-01 00:04:07,2018-01-01 00:13:23,1,2.03,10.3
1379,2018-01-01 00:23:12,2018-01-01 00:37:07,1,3.56,14.8
13735,2018-01-01 00:16:29,2018-01-01 00:22:23,1,1.1,7.3
16299,2018-01-01 00:27:26,2018-01-01 00:32:59,2,1.1,7.3
5035,2018-01-01 00:35:59,2018-01-01 00:39:34,2,0.6,5.8
8545,2018-01-01 00:54:01,2018-01-01 01:31:20,1,7.1,37.11
9486,2018-01-01 00:13:52,2018-01-01 00:18:10,1,0.66,6.3
10362,2018-01-01 00:26:56,2018-01-01 00:35:42,1,1.33,8.8
12523,2018-01-01 00:08:10,2018-01-01 00:19:37,1,1.68,10.8
2167,2018-01-01 00:37:16,2018-01-01 00:46:39,1,1.53,9.8
16180,2018-01-01 00:51:27,2018-01-01 01:23:27,1,16,46.3
11640,2018-01-01 00:13:37,2018-01-01 00:20:33,1,1.76,8.8
18822,2018-01-01 00:35:21,2018-01-01 00:43:27,1,1.48,10.56
4188,2018-01-01 00:52:55,2018-01-01 01:13:49,1,5.68,27.25
6836,2018-01-01 00:34:13,2018-01-01 00:44:15,1,1.99,14.91
14489,2018-01-01 00:13:52,2018-01-01 00:58:12,1,9.24,47.33
14687,2018-01-01 00:08:55,2018-01-01 00:17:26,1,1.4,9.3
9369,2018-01-01 00:22:25,2018-01-01 00:34:21,1,2.7,14.75
19007,2018-01-01 00:41:23,2018-01-01 00:45:20,1,1.2,7.8
5255,2018-01-01 00:54:02,2018-01-01 01:04:13,1,1.8,10.3
13504,2018-01-01 00:38:18,2018-01-01 00:52:15,1,3.1,14.3
7384,2018-01-01 00:57:39,2018-01-01 01:03:42,2,1.16,7.3
2014,2018-01-01 00:24:50,2018-01-01 01:01:22,1,15.89,64.27
16789,2018-01-01 00:23:05,2018-01-01 00:36:20,1,1.97,14.12
7439,2018-01-01 00:37:08,2018-01-01 00:48:23,1,4.22,17.76
6811,2018-01-01 00:19:48,2018-01-01 00:37:57,1,3.37,15.8
3923,2018-01-01 00:53:00,2018-01-01 00:58:49,1,1.35,8.76
6450,2018-01-01 01:01:04,2018-01-01 01:22:13,1,4.29,21.36
19339,2018-01-01 00:38:17,2018-01-01 00:44:22,1,1.25,9.36
1277,2018-01-01 00:18:26,2018-01-01 00:36:36,1,2.95,20.31
6186,2018-01-01 00:40:11,2018-01-01 00:46:58,1,0.98,9.75
3500,2018-01-01 00:56:08,2018-01-01 01:05:18,1,2.94,16.11
18158,2018-01-01 00:03:45,2018-01-01 00:07:32,1,0.9,7.56
7419,2018-01-01 00:09:42,2018-01-01 00:19:01,1,1.71,11.76
9263,2018-01-01 00:43:13,2018-01-01 00:55:26,1,2.11,11.3
4388,2018-01-01 00:58:54,2018-01-01 01:51:46,1,11.54,56.94
8118,2018-01-01 00:27:45,2018-01-01 00:32:14,1,0.63,6.3
7989,2018-01-01 00:43:39,2018-01-01 01:13:03,1,9.93,32.8
15536,2018-01-01 00:07:39,2018-01-01 00:10:45,1,0.51,5.3
9730,2018-01-01 00:17:43,2018-01-01 00:24:55,1,1.76,9.3
15586,2018-01-01 00:35:59,2018-01-01 00:45:31,1,1.84,10.3
7865,2018-01-01 00:52:35,2018-01-01 01:11:44,1,5.41,20.3
8206,2018-01-01 00:12:23,2018-01-01 00:22:01,3,2.16,10.8
12518,2018-01-01 00:28:19,2018-01-01 00:39:42,1,1.58,12
2615,2018-01-01 00:50:44,2018-01-01 00:59:01,1,1.46,9.3
121,2018-01-01 00:30:34,2018-01-01 00:42:07,1,3,12.8
19581,2018-01-01 00:42:19,2018-01-01 00:56:37,1,2.28,12.8
10483,2018-01-01 00:58:42,2018-01-01 01:01:58,1,0.65,6.96
19146,2018-01-01 00:17:22,2018-01-01 00:18:21,1,0.05,-3.8
19985,2018-01-01 00:17:22,2018-01-01 00:18:21,1,0.05,3.8
3666,2018-01-01 00:30:54,2018-01-01 00:36:14,2,1.37,7.8
15825,2018-01-01 00:07:52,2018-01-01 00:41:56,5,5.39,31.62
2859,2018-01-01 00:09:38,2018-01-01 00:14:42,2,1.07,7.3
9912,2018-01-01 00:28:31,2018-01-01 00:30:41,2,0.29,4.8
15940,2018-01-01 00:37:15,2018-01-01 00:56:10,2,4.23,17.8
15292,2018-01-01 00:22:20,2018-01-01 00:26:27,1,0.85,6.3
578,2018-01-01 00:31:37,2018-01-01 00:34:09,1,0.25,4.8
6040,2018-01-01 00:42:56,2018-01-01 00:52:44,1,3.97,14.3
17807,2018-01-01 00:33:16,2018-01-01 00:38:18,1,1.32,7.3
19182,2018-01-01 00:47:36,2018-01-01 00:54:46,1,1.57,9.96
12073,2018-01-01 00:56:23,2018-01-01 01:12:25,1,4.78,18.3
10795,2018-01-01 00:37:16,2018-01-01 00:42:44,6,1.11,10.35
2108,2018-01-01 00:16:24,2018-01-01 01:04:41,1,6.56,34.3
227,2018-01-01 00:58:03,2018-01-01 01:06:32,1,1.4,8.8
4945,2018-01-01 00:48:47,2018-01-01 00:50:55,1,0.35,4.8
11319,2018-01-01 00:55:55,2018-01-01 01:01:34,1,1.25,7.3
5099,2018-01-01 00:06:26,2018-01-01 00:08:03,4,0.43,4.8
13164,2018-01-01 00:12:22,2018-01-01 00:16:44,5,0.53,7.24
17358,2018-01-01 00:26:14,2018-01-01 00:31:01,5,1.24,9.12
5125,2018-01-01 00:07:05,2018-01-01 00:15:37,1,1.47,8.8
12142,2018-01-01 00:32:55,2018-01-01 00:45:58,1,3.78,15.3
13345,2018-01-01 00:27:24,2018-01-01 00:33:30,1,1.8,10.55
5983,2018-01-01 00:40:28,2018-01-01 00:46:53,1,1.6,8.8
6842,2018-01-01 00:16:38,2018-01-01 00:26:09,1,1.99,10.3
5022,2018-01-01 00:37:59,2018-01-01 00:50:02,1,2.95,12.8
18468,2018-01-01 01:01:22,2018-01-01 01:15:25,1,2.04,12.3
5019,2018-01-01 00:22:14,2018-01-01 23:19:55,1,3.08,17.94
16080,2018-01-01 00:51:09,2018-01-01 01:10:32,1,6.69,28.5
11026,2018-01-01 00:26:07,2018-01-01 00:30:26,5,0.83,7.3
6348,2018-01-01 00:33:14,2018-01-01 00:55:57,5,5.82,26.76
11774,2018-01-01 00:26:51,2018-01-01 00:36:45,1,3.06,12.3
10675,2018-01-01 00:16:41,2018-01-01 00:29:39,1,2.94,17.94
1996,2018-01-01 00:55:14,2018-01-01 01:01:24,1,0.7,7.3
1056,2018-01-01 00:10:51,2018-01-01 00:35:26,1,7.2,31.56
8572,2018-01-01 00:55:35,2018-01-01 01:01:55,1,1.71,8.3
17263,2018-01-01 00:36:41,2018-01-01 00:39:11,6,0.27,4.8
7856,2018-01-01 00:51:09,2018-01-01 01:06:04,6,2.98,14.3
5107,2018-01-01 00:23:22,2018-01-01 00:32:59,1,1.72,9.8
9507,2018-01-01 00:01:54,2018-01-01 00:13:37,1,4.58,16.3
9380,2018-01-01 00:41:44,2018-01-01 00:49:33,3,2,11.76
11334,2018-01-01 00:16:39,2018-01-01 00:36:12,1,3.5,16.8
11224,2018-01-01 00:55:10,2018-01-01 00:59:09,2,0.9,6.3
11696,2018-01-01 00:11:49,2018-01-01 00:28:02,2,4.84,18.8
6949,2018-01-01 00:42:36,2018-01-01 01:01:25,2,8.16,42
18583,2018-01-01 00:53:25,2018-01-01 01:01:40,1,1.59,8.8
12906,2018-01-01 00:51:01,2018-01-01 01:03:45,1,1.65,10.8
17135,2018-01-01 00:22:26,2018-01-01 00:24:06,1,0.47,4.8
9295,2018-01-01 00:25:57,2018-01-01 00:33:29,1,1.3,9.3
3459,2018-01-01 00:38:15,2018-01-01 00:49:35,1,2.26,14.12
12882,2018-01-01 00:33:18,2018-01-01 01:48:20,5,5.87,45.3
2058,2018-01-01 00:13:27,2018-01-01 00:20:07,1,1.57,8.8
13987,2018-01-01 00:53:33,2018-01-01 01:02:27,1,2.3,10.8
5542,2018-01-01 00:06:48,2018-01-01 00:31:01,1,2.78,20.3
3575,2018-01-01 00:41:59,2018-01-01 00:58:59,1,7.02,25.3
2979,2018-01-01 00:31:30,2018-01-01 00:54:16,1,8.75,28.8
17706,2018-01-01 00:53:01,2018-01-01 01:12:19,1,9.31,28.8
19382,2018-01-01 00:11:26,2018-01-01 00:35:01,1,11.27,33.3
8611,2018-01-01 00:26:34,2018-01-01 00:48:48,1,4.8,23.16
9771,2018-01-01 00:52:27,2018-01-01 00:59:07,1,1.22,10.14
11819,2018-01-01 01:02:20,2018-01-01 01:21:32,1,3.8,16.3
10848,2018-01-01 00:10:45,2018-01-01 00:34:35,1,6.6,25.8
10082,2018-01-01 00:43:15,2018-01-01 00:48:52,4,1.08,7.3
9653,2018-01-01 00:52:25,2018-01-01 01:00:31,4,1.47,8.8
3746,2018-01-01 00:32:41,2018-01-01 00:38:06,1,1.22,9.12
9015,2018-01-01 00:41:34,2018-01-01 00:59:02,1,3.57,19.56
8929,2018-01-01 01:01:24,2018-01-01 01:05:14,1,0.52,5.3
7524,2018-01-01 00:19:47,2018-01-01 00:26:04,1,1.4,9.95
6883,2018-01-01 00:31:53,2018-01-01 00:38:02,1,1.4,8.3
12552,2018-01-01 00:15:53,2018-01-01 00:18:00,1,0.33,4.8
8006,2018-01-01 00:54:02,2018-01-01 01:05:22,1,1.84,10.3
19407,2018-01-01 00:33:26,2018-01-01 01:01:34,1,9.19,37.56